[
	{
		"image" : "images/cards/2C.png",
		"value":2 
	},
	{
		"image" : "images/cards/3C.png",
		"value":3
	},
	{
		"image" : "images/cards/4C.png",
		"value":4
	},
	{
		"image" : "images/cards/5C.png",
		"value":5
	},
	{
		"image" : "images/cards/6C.png",
		"value":6 
	},
	{
		"image" : "images/cards/7C.png",
		"value":7 
	},
	{
		"image" : "images/cards/8C.png",
		"value":8
	},
	{
		"image" : "images/cards/9C.png",
		"value":9 
	},
	{
		"image" : "images/cards/10C.png",
		"value":10 
	},
	{
		"image" : "images/cards/JC.png",
		"value":10 
	},
	{
		"image" : "images/cards/QC.png",
		"value":10 
	},
	{
		"image" : "images/cards/KC.png",
		"value":10 
	},
	{
		"image" : "images/cards/AC.png",
		"value":11
	},
	{
		"image" : "images/cards/2D.png",
		"value":2 
	},
	{
		"image" : "images/cards/3D.png",
		"value":3 
	},
	{
		"image" : "images/cards/4D.png",
		"value":4 
	},
	{
		"image" : "images/cards/5D.png",
		"value":5
	},
	{
		"image" : "images/cards/6D.png",
		"value":6 
	},
	{
		"image" : "images/cards/7D.png",
		"value":7 
	},
	{
		"image" : "images/cards/8D.png",
		"value":8 
	},
	{
		"image" : "images/cards/9D.png",
		"value":9 
	},
	{
		"image" : "images/cards/10D.png",
		"value":10 
	},
	{
		"image" : "images/cards/JD.png",
		"value":10 
	},
	{
		"image" : "images/cards/QD.png",
		"value":10
	},
	{
		"image" : "images/cards/KD.png",
		"value":10
	},
	{
		"image" : "images/cards/AD.png",
		"value":11 
	},
	{
		"image" : "images/cards/2H.png",
		"value":2 
	},
	{
		"image" : "images/cards/3H.png",
		"value":3 
	},
	{
		"image" : "images/cards/4H.png",
		"value":4 
	},
	{
		"image" : "images/cards/5H.png",
		"value":5 
	},
	{
		"image" : "images/cards/6H.png",
		"value":6 
	},
	{
		"image" : "images/cards/7H.png",
		"value":7
	},
	{
		"image" : "images/cards/8H.png",
		"value":8 
	},
	{
		"image" : "images/cards/9H.png",
		"value":9
	},
	{
		"image" : "images/cards/10H.png",
		"value":10 
	},
	{
		"image" : "images/cards/JH.png",
		"value":10 
	},
	{
		"image" : "images/cards/QH.png",
		"value":10 
	},
	{
		"image" : "images/cards/KH.png",
		"value":10
	},
	{
		"image" : "images/cards/AH.png",
		"value":11 
	},
	{
		"image" : "images/cards/2S.png",
		"value":2 
	},
	{
		"image" : "images/cards/3S.png",
		"value":3 
	},
	{
		"image" : "images/cards/4S.png",
		"value":4
	},
	{
		"image" : "images/cards/5S.png",
		"value":5
	},
	{
		"image" : "images/cards/6S.png",
		"value":6
	},
	{
		"image" : "images/cards/7S.png",
		"value":7 
	},
	{
		"image" : "images/cards/8S.png",
		"value":8 
	},
	{
		"image" : "images/cards/9S.png",
		"value":9
	},
	{
		"image" : "images/cards/10S.png",
		"value":10 
	},
	{
		"image" : "images/cards/JS.png",
		"value":10
	},
	{
		"image" : "images/cards/QS.png",
		"value":10
	},
	{
		"image" : "images/cards/KS.png",
		"value":10 
	},
	{
		"image" : "images/cards/AS.png",
		"value":11
	}
]
